no_corrected_train_data,no_syn_train_data,f1,gliner_f1,confidence,avg_entities,avg_input_tokens,model_input_output,avg_output_tokens
10,10,49.979935794542534,49.98%,95.83753141650448,5.7,1535.1,"(32768, 800)",302.7
10,50,59.455454713835884,59.44%,97.44187986282054,6.74,1535.590909090909,"(32768, 800)",328.5
10,100,54.07565758899526,54.09%,97.19424869938118,6.25,1535.5,"(32768, 800)",292.0576923076923
50,10,61.07429023642298,61.07%,96.22877205515712,9.2,6434.666666666667,"(32768, 800)",373.3333333333333
50,50,55.722779635823116,55.72%,97.39836931682069,7.32,6434.581395348837,"(32768, 800)",397.4418604651163
50,100,56.820532104916786,56.82%,97.3304669404852,6.94,6434.634615384615,"(32768, 800)",334.78846153846155
100,10,51.51739452257588,51.53%,95.64625476993086,6.2,12490.0,"(32768, 800)",462.5833333333333
100,50,47.454581752844874,47.46%,97.10615209884045,7.18,12489.770833333334,"(32768, 800)",500.8333333333333
100,100,57.4833174451859,57.42%,96.3740191301528,6.97,12489.518518518518,"(32768, 800)",429.35185185185185
